"","Median","CI_2.5","CI_97.5"
"NegLL",9550.955,9534.06675,9570.691
"log_M",-3.20435,-3.501814,-2.9939675
"log_q1",-5.687975,-6.59165775,-5.08814925
"log_q2",-8.01351,-8.6457565,-7.2721785
"log_q3",-5.73322,-6.1461575,-5.3096895
"log_q4",-5.687975,-6.60894775,-4.636092
"Theta1",0.02887765,-1.95225075,2.01318225
"Theta2",0.1194305,-1.18284725,1.598014
"Theta3",-0.277675,-1.285027,0.965700525
"Theta4",0.522717,-0.77703025,1.78646075
"Theta5",1.41753,0.252051475,2.403183
"Theta6",0.1708385,-1.95726775,2.304051
"Theta7",1.49209,0.18525535,2.6838685
"Theta8",0.2980045,-0.686413025,1.25161675
"Theta9",-0.1223955,-1.179182,0.946700449999999
"Theta10",0.02433465,-1.02949175,1.179619
"Theta11",0.1102045,-0.830842175,1.15775125
"Theta12",0.380315,-0.514997225,1.344453
"Theta13",2.386215,0.243529425,4.5188275
"Theta14",2.00118,1.45672375,2.5551375
"Theta15",-0.0884896,-1.16194,1.28916975
"Theta16",1.06329,-0.40449745,1.79406625
"Theta17",1.78103,1.0655625,2.32205325
"Theta18",1.07795,0.561647475,1.565627
"Theta19",0.9243975,0.4932026,1.36432875
"Theta20",-0.085481,-0.522122575,0.343157775
"Theta21",-0.46807,-0.91739195,-0.0421944875000002
"Theta22",-0.258737,-0.695403,0.178968575
"Theta23",0.9529295,-0.349397825,2.22119925
"Theta24",0.179338,-1.09908725,1.4372385
"Theta25",-0.023262,-1.509786,1.33764875
"Theta26",1.65477,0.4791673,2.62449975
"Theta27",2.3338,1.225185,3.31022275
"Theta28",2.3319,1.2382755,3.2778515
"Theta29",1.162815,0.00497819450000001,2.20512225
"log_k",0.916291,0.916291,0.916291
"log_mig111",7.18894,5.0805785,13.2226975
"log_mig121",-2.27222,-2.91323475,-1.710395
"log_mig131",-1.089925,-1.526453,-0.688583525
"log_mig141",-360.0445,-720.817275,-24.730205
"log_mig113",-2.9805,-16.89918,3.50199175
"log_mig123",-6.197855,-7.4625515,-5.23225725
"log_mig132",1.068235,0.721173375,1.41223275
"log_mig142",-283.1245,-711.356925,-19.4613200000001
"log_mig114",-357.181,-721.652025,-19.6754475
"log_mig124",-32.79975,-120.78475,-8.74884725
"log_mig134",-2.45728,-3.00875425,-1.96941375
"log_mig144",5.234935,4.70029075,5.7870715
"log_mig211",6.377565,5.3946395,7.71005775
"log_mig221",-2.48498,-3.2471075,-1.87564625
"log_mig231",-7.98477,-15.33989,-4.800626
"log_mig241",-357.8455,-725.0205,-16.7301775
"log_mig213",-4.584845,-14.77501,-0.857034650000001
"log_mig223",-7.00884,-8.33873625,-6.10595875
"log_mig232",-0.1865455,-0.6150153,0.2607228
"log_mig242",-220.4985,-698.128525,-12.963545
"log_mig214",-362.936,-715.16965,-18.96852
"log_mig224",-34.17225,-138.752825,-8.5923875
"log_mig234",-5.26844,-8.56356825,-3.49076475
"log_mig244",3.563725,3.02910525,4.22390925
"log_mig311",8.358665,6.3339525,12.9937525
"log_mig321",-4.639205,-5.981418,-3.44958525
"log_mig331",-8.96035,-17.1127475,-6.0233165
"log_mig341",-376.129,-715.9604,-24.185805
"log_mig313",-2.5011,-12.567405,3.1200335
"log_mig323",-7.04882,-8.337862,-6.11774425
"log_mig332",-4.59001,-6.178257,-3.30853225
"log_mig342",-319.5265,-714.0415,-23.4866625
"log_mig314",-359.1335,-717.937925,-17.436185
"log_mig324",-36.7799,-164.219675,-8.97161975
"log_mig334",-6.303355,-9.369978,-4.54240375
"log_mig344",4.46093,3.81621775,5.197691
"log_mig411",7.344925,5.38485825,11.9412725
"log_mig421",-3.54691,-4.599809,-2.54048375
"log_mig431",-8.70595,-17.7711125,-5.65601525
"log_mig441",-356.281,-725.233475,-20.6609700000001
"log_mig413",-3.1476,-12.94166,2.37335249999999
"log_mig423",-6.907535,-8.13945175,-5.9631975
"log_mig432",-2.755135,-4.74090375,-2.111809
"log_mig442",-278.792,-710.579625,-13.0556400000001
"log_mig414",-357.7995,-716.05885,-18.2407100000001
"log_mig424",-38.98175,-136.45715,-8.68490825000001
"log_mig434",-5.75107,-8.6983175,-4.056125
"log_mig444",6.35002,5.52396975,7.40731525
"log_mig511",4.85241,3.9737205,5.9740655
"log_mig521",-3.19187,-4.46607625,-2.11245425
"log_mig531",-8.15574,-16.743065,-4.92699375
"log_mig541",-361.795,-720.106825,-15.1662975
"log_mig513",-5.078175,-16.9567475,-1.46573025
"log_mig523",-6.26109,-7.533643,-5.27804475
"log_mig532",-3.91281,-8.18611325,-2.17753275
"log_mig542",-379.128,-725.230525,-13.7775350000001
"log_mig514",-362.063,-721.755675,-21.951445
"log_mig524",-44.6208,-203.827275,-8.536952
"log_mig534",-5.17155,-8.364519,-3.34469725
"log_mig544",7.786305,6.15525975,10.9970825
"log_mig611",2.413225,2.036263,2.81630575
"log_mig621",-0.1108985,-0.42204375,0.19329955
"log_mig631",-2.36753,-3.40862525,-1.71070525
"log_mig641",-3.866965,-5.23802075,-2.953327
"log_mig613",1.408915,1.062923,1.78293875
"log_mig623",-0.8633755,-1.073446,-0.66162095
"log_mig632",-0.139054,-0.536979175,0.193794249999999
"log_mig642",-2.25241,-2.8604315,-1.70353375
"log_mig614",-3.42603,-5.0016055,-2.33070875
"log_mig624",-6.77053,-8.1962845,-5.71177625
"log_mig634",-3.322955,-3.8749405,-2.78959425
"log_mig644",-0.6106815,-0.94910575,-0.212929075
"M",0.04058535,0.0301426725,0.0500884275
"Myr",0.487024,0.3617113,0.60106055
"k",2.5,2.5,2.5
"Qtotal1",0.00332855,0.000474585325,0.0222670349999999
"Qtotal2",0.003764805,0.0013528655,0.01090652
"Qtotal3",0.003386445,0.00137175825,0.00616943175
"Qtotal4",0.00256394,0.001209938,0.0052610205
"Qtotal5",0.005693505,0.00184846025,0.0133366175
"Qtotal6",0.01413505,0.0049142305,0.021175705
"Qtotal7",0.003853555,0.00053732585,0.026598495
"Qtotal8",0.001515805,0.00054041105,0.0037041195
"Qtotal9",0.0004381185,0.000266816625,0.000839786624999999
"Qtotal10",0.00033096,0.00017587135,0.00069459505
"Qtotal11",0.000295035,0.000150727575,0.00061685345
"Qtotal12",0.000345213,0.00016237895,0.00081515065
"Qtotal13",0.0003735475,0.000194931075,0.000875830949999999
"Qtotal14",0.0004761965,0.000312947925,0.000990121225
"Qtotal15",0.00361533,0.0005087104,0.025692035
"Qtotal16",0.02416485,0.016432175,0.0353656525
"Qtotal17",0.002904595,0.00113275625,0.0108735175
"Qtotal18",0.00948393,0.0023163635,0.017199365
"Qtotal19",0.0191221,0.012442175,0.0249962025
"Qtotal20",0.003236655,0.00214169225,0.0049434595
"Qtotal21",0.009535675,0.007803924,0.011210915
"Qtotal22",0.00819149,0.0066957225,0.009584236
"Qtotal23",0.00297447,0.00222493175,0.003938856
"Qtotal24",0.00202876,0.00171594075,0.00239333425
"Qtotal25",0.00249396,0.0020935075,0.003009388
"Qtotal26",0.008605395,0.00466522525,0.020619275
"Qtotal27",0.00406439,0.002013429,0.008868594
"Qtotal28",0.00327848,0.00138725225,0.0087119325
"Qtotal29",0.00338645,0.00134824925,0.00969553725
"Qtotal30",0.01766985,0.012426645,0.02315774
"Qtotal31",0.03519145,0.0255704375,0.04672381
"Qtotal32",0.03492665,0.0246390825,0.0453357775
"Qtotal33",0.010865,0.00699842175,0.0167029675
"F1",0.159129,0.0644589725,0.289901825
"F2",0.09276335,0.043775495,0.190343175
"F3",0.08215725,0.0266732525,0.192448075
"F4",0.1594435,0.0554324975,0.2388617
"F5",0,0,0
"F6",0,0,0
"F7",0,0,0
"F8",0,0,0
"F9",0,0,0
"F10",0,0,0
"F11",0,0,0
"F12",0.0417517,0.01500323,0.120953825
"F13",0.162753,0.0659267175,0.2965031
"F14",0.178194,0.084090595,0.365640525
"F15",0.2652035,0.086101105,0.62122185
"F16",0.556497,0.193472925,0.8336879
"F17",0,0,0
"F18",0,0,0
"F19",0,0,0
"F20",0,0,0
"F21",0,0,0
"F22",0,0,0
"F23",9.985645e-05,1.423751e-05,0.000668010099999998
"F24",0.09291545,0.0333886,0.2691737
"F25",0.2153105,0.087216415,0.392252975
"F26",0.1643485,0.0775569825,0.33723105
"F27",0.1189945,0.0386327725,0.278736125
"F28",0.2592365,0.0901270225,0.388362275
"F29",0,0,0
"F30",0,0,0
"F31",0,0,0
"F32",0,0,0
"F33",0,0,0
"F34",0,0,0
"F35",0,0,0
"F36",0.07665145,0.0275443025,0.22205725
"F37",0.4397305,0.178123275,0.801100675
"F38",0.1342225,0.0633402275,0.275414525
"F39",0.03791875,0.01231077,0.0888221224999999
"F40",0.003957815,0.00137598875,0.0059292015
"F41",0,0,0
"F42",0,0,0
"F43",0.07779225,0.0413385075,0.16326425
"F44",0.0741778,0.037895975,0.155088925
"F45",0.0443115,0.0208429375,0.10463225
"F46",0.0476348,0.02485768,0.111686125
"F47",0.03366235,0.022122335,0.0699916525
"F48",0,0,0
"F49",0,0,0
"F50",0,0,0
"F51",0,0,0
"F52",0,0,0
"F53",0.006987845,0.00249128825,0.0170760275
"F54",0.0781735,0.0476081525,0.14984335
"F55",0.08274345,0.0439695375,0.173655275
"F56",0.0773937,0.0395388625,0.161813325
"F57",0.0561627,0.02641737,0.1326169
"F58",0.0328834,0.0171597525,0.0770993999999999
"F59",0.0476673,0.0313260925,0.099111125
"F60",0,0,0
"F61",0,0,0
"F62",0,0,0
"F63",0,0,0
"F64",0,0,0
"F65",0.0435793,0.0155368525,0.106493425
"F66",0.0450079,0.0274100575,0.0862712874999999
"F67",0.089495,0.0475573425,0.1878253
"F68",0.057467,0.0293587675,0.120150675
"F69",0.0256769,0.0120777475,0.0606309175
"F70",0.02882665,0.01504288,0.0675878725
"F71",0.0318766,0.0209486925,0.066278755
"F72",0,0,0
"F73",0,0,0
"F74",0,0,0
"F75",0,0,0
"F76",0,0,0
"F77",0.1084705,0.0386717425,0.26506655
"F78",0.05074285,0.0309027375,0.0972640549999999
"F79",0.0204004,0.0108407125,0.042814865
"F80",0.0488313,0.0249469725,0.102095525
"F81",0.02788975,0.0131185375,0.06585603
"F82",0.05624875,0.0293527075,0.131882575
"F83",0.003814335,0.0025067095,0.00793087
"F84",0,0,0
"F85",0.0690054,0.0456608525,0.1053944
"F86",1.06113,0.868421025,1.24755175
"F87",1.239205,1.0129325,1.44990125
"F88",0.1460465,0.10924365,0.1933977
"F89",0.04972485,0.0420577275,0.0586607775
"F90",0.0469613,0.03942067,0.056666825
"F91",0.0413219,0.02809896,0.0604753675
"F92",0,0,0
"F93",0,0,0
"F94",0,0,0
"F95",0.0545326,0.013319065,0.0988962775
"F96",0.1223815,0.0796299475,0.1599753
"F97",0.0641504,0.0424483425,0.097979435
"F98",0.8637415,0.70688,1.0154815
"F99",0.418667,0.34221835,0.489850525
"F100",0.244531,0.182912025,0.323813525
"F101",0.314194,0.265748,0.3706568
"F102",0.242463,0.2035308,0.292572725
"F103",0,0,0
"F104",0,0,0
"F105",0,0,0
"F106",0.009062325,0.00353420825,0.0339253625
"F107",0.154019,0.0376177475,0.27931805
"F108",0.8124975,0.528668,1.0620885
"F109",0.485077,0.320974925,0.740876875
"F110",0.5082515,0.415949425,0.59754085
"F111",0.2082275,0.170204725,0.24363125
"F112",0.0344146,0.0257424425,0.0455725425
"F113",0.222494,0.1881869,0.262477825
"F114",0.3197255,0.268387425,0.385803575
"F115",0.06766155,0.0460100325,0.099023985
"F116",0,0,0
"F117",0,0,0
"F118",0,0,0
"F119",0.2263815,0.0552916225,0.410548575
"F120",0.5069265,0.32984235,0.6626484
"F121",0.174261,0.1153086,0.266156125
"F122",0.1936695,0.15849815,0.227693325
"F123",0.380986,0.3114175,0.4457626
"F124",0.04556885,0.0340859625,0.0603432775
"F125",0.156113,0.132041525,0.1841674
"F126",0.2491465,0.209140775,0.3006378
"F127",0.0593983,0.0236483075,0.17005945
"F128",0.6267485,0.440771425,0.821403975
"F129",0.7340935,0.53339875,0.974658725
"F130",0.4282005,0.302074975,0.55581665
"F131",0.02857505,0.0184058225,0.043928765
"F132",0,0,0
"F133",0,0,0
"F134",0,0,0
"F135",0,0,0
"F136",0.00232346,0.00125961425,0.00556721025
"F137",0.002357345,0.00116778775,0.00514378175
"F138",0.001245825,0.0005271539,0.003310535
"F139",0.0114462,0.00455709775,0.03277094
"F140",0.3336065,0.2346143,0.43721745
"F141",0.6067005,0.44083395,0.805518525
"F142",0.584323,0.412211475,0.758467325
"F143",0.01151695,0.00741832225,0.01770509
"F144",0,0,0
"F145",0,0,0
"F146",0,0,0
"F147",0,0,0
"F148",0.0640241,0.0347092625,0.153407975
"F149",0.07023265,0.03479194,0.153249225
"F150",0.05212785,0.0220572675,0.138519475
"F151",0.0525577,0.02092491,0.1504747
"F152",0.4576485,0.321848825,0.599784475
"F153",0.3645835,0.264908975,0.484058325
"F154",0.0384193,0.0271029925,0.0498693175
"F155",0.01608025,0.010357675,0.0247203425
"F156",0,0,0
"F157",0,0,0
"F158",0,0,0
"F159",0,0,0
"F160",0.0185016,0.0100302375,0.04433151
"F161",0.03698595,0.0183222075,0.08070422
"F162",0.02908015,0.01230486,0.07727482
"F163",0.02732865,0.01088039,0.078242965
"F164",0.1728105,0.121532525,0.22648195
"F165",0.1580095,0.1148108,0.20978975
"F166",0.03597445,0.025378265,0.04669589
"F167",0.0164062,0.0105676475,0.025221455
"F168",0,0,0
"Mig111",0.9976905,0.983381925,0.999973
"Mig121",0.0364971,0.01957771,0.0623435725
"Mig131",0.05562405,0.037408395,0.0777257975
"Mig141",2.14295e-159,4.10107203075302e-316,9.54588349999971e-14
"Mig112",0.00204735,4.91765275e-06,0.0166166825
"Mig122",0.9627025,0.936891625,0.97957555
"Mig132",0.480469,0.399141975,0.558231775
"Mig142",8.38267e-126,5.91578399999834e-312,1.59146224999993e-11
"Mig113",3.444495e-05,2.5695625e-11,0.00134036475
"Mig123",0.000720122,0.00020462815,0.001891425
"Mig133",0.448909,0.371326825,0.531924325
"Mig143",0.014274,0.0082679345,0.0241200575
"Mig114",2.49003e-159,9.97568439583707e-318,1.38549599999992e-12
"Mig124",2.017845e-15,1.219401275e-53,5.61232475e-05
"Mig134",0.01407145,0.008686293,0.0212826575
"Mig144",0.9857195,0.97587955,0.9917321
"Mig211",0.9953065,0.98765395,0.99873315
"Mig221",0.0297332,0.0140980925,0.053330675
"Mig231",9.477445e-05,6.09550125e-08,0.00227869374999999
"Mig241",1.008058e-157,3.93366272850305e-317,1.52083699999999e-09
"Mig212",0.004597135,0.00121711,0.0121927475
"Mig222",0.9699475,0.946178975,0.9855013
"Mig232",0.233147,0.165469675,0.323007625
"Mig242",4.95867e-98,1.82307195e-305,5.70319549999997e-08
"Mig213",1.68921e-05,5.38838675e-10,0.0005202242
"Mig223",0.0003223895,8.5291215e-05,0.000786756449999998
"Mig233",0.7637845,0.675161725,0.831143225
"Mig243",0.0715101,0.0382758575,0.116180525
"Mig214",5.44831e-161,3.77590750009894e-314,1.81868974999978e-11
"Mig224",5.146115e-16,1.9626435e-61,6.62251324999997e-05
"Mig234",0.00144212,5.465367e-05,0.00850103299999999
"Mig244",0.92849,0.883819475,0.961724425
"Mig311",0.9992695,0.9950179,0.999975025
"Mig321",0.00354167,0.000927790525,0.0115454175
"Mig331",4.69919e-05,1.3568135e-08,0.000884646675
"Mig341",5.53067e-166,1.14003102494939e-313,2.76022649999997e-13
"Mig312",0.0006364535,6.18270025e-06,0.0048017175
"Mig322",0.9960715,0.98800985,0.9987642
"Mig332",0.00371479,0.00076112,0.0132619425
"Mig342",2.00553e-141,7.55422350001463e-313,7.09177974999996e-13
"Mig313",1.6691e-05,8.29042e-10,0.00059931225
"Mig323",0.000318113,8.75695575e-05,0.000805436649999999
"Mig333",0.995062,0.985564625,0.998667325
"Mig343",0.03044455,0.0148076475,0.05645392
"Mig314",1.13696e-160,6.53233636679204e-317,4.21588049999935e-12
"Mig324",3.889205e-17,1.787355e-72,4.58322849999997e-05
"Mig334",0.0006700175,3.13177325e-05,0.00389032925
"Mig344",0.9695555,0.943546275,0.98519245
"Mig411",0.9981485,0.987606375,0.999952025
"Mig421",0.0104827,0.00368164,0.028164565
"Mig431",5.96371e-05,7.00071725e-09,0.00126294725
"Mig441",3.99266e-158,2.64457036052507e-318,1.49393674999987e-12
"Mig412",0.00175252,1.77091675e-05,0.012310255
"Mig422",0.989157,0.9713009,0.995938375
"Mig432",0.0228032,0.00317595325,0.0424497775
"Mig442",2.310905e-124,4.91948550000177e-312,3.30006774999992e-09
"Mig413",2.470675e-05,1.0294333e-09,0.000696718825
"Mig423",0.0003639315,0.0001065655,0.000935161799999999
"Mig433",0.9753735,0.95495795,0.994619225
"Mig443",0.004725625,0.0016467285,0.010729565
"Mig414",2.618835e-159,3.87705375398435e-315,8.03966325e-12
"Mig424",4.29497e-18,2.0019725e-60,6.14257799999992e-05
"Mig434",0.001147015,6.045183e-05,0.00620699425
"Mig444",0.995274,0.989270925,0.99835305
"Mig511",0.9789715,0.9506804,0.993048075
"Mig521",0.0148787,0.00420885575,0.0425559224999999
"Mig531",0.000104776,1.93545e-08,0.00264336175
"Mig541",1.207405e-161,3.98864432983484e-317,4.38015949999996e-11
"Mig512",0.02078165,0.00686691425,0.0486192575
"Mig522",0.9843515,0.95636865,0.994936075
"Mig532",0.00728367,0.00010218941,0.0399741025
"Mig542",6.12129e-169,2.45782836836645e-319,3.59681749999987e-10
"Mig513",5.113765e-05,2.692208e-10,0.00142984525
"Mig523",0.0006883825,0.000194153225,0.001850444
"Mig533",0.988892,0.956726725,0.998475325
"Mig543",0.00112786,4.552948e-05,0.00573590849999999
"Mig514",5.285055e-160,1.99704002003519e-316,2.01401624999998e-12
"Mig524",1.51075e-20,1.43786190209275e-89,7.05740774999998e-05
"Mig534",0.002061285,8.4594125e-05,0.0124765
"Mig544",0.998871,0.994256125,0.999953025
"Mig611",0.620537,0.5475091,0.683672025
"Mig621",0.2217545,0.172982525,0.278099875
"Mig631",0.02516985,0.00904590575,0.046443925
"Mig641",0.00617054,0.00157811425,0.0151628825
"Mig612",0.1506955,0.108741625,0.19937585
"Mig622",0.6733465,0.618917425,0.722715575
"Mig632",0.233572,0.17028285,0.299827525
"Mig642",0.03088145,0.0171440525,0.0514347325
"Mig613",0.225601,0.181587025,0.278120025
"Mig623",0.1040885,0.0867967675,0.123580175
"Mig633",0.7298475,0.663997125,0.796002525
"Mig643",0.800838,0.73639085,0.846768675
"Mig614",0.001782375,0.0003718263,0.0053218615
"Mig624",0.0002844725,6.94233875e-05,0.000812334525
"Mig634",0.00969656,0.00560879875,0.0163258275
"Mig644",0.1600105,0.120608775,0.21911
"Log_MagEff1",-1.792425,-3.01888975,-0.655177425
"Log_MagEff2",-2.05481,-2.74139775,-1.11750975
"Log_MagEff3",-1.601415,-2.4218225,-0.769336275
"Log_MagEff4",-1.75455,-2.61795875,-0.633054425
"Log_MagEff5",-2.692515,-3.32666725,-1.52393325
"Log_MagEff6",-1.122885,-2.174578,-0.1247745
"Log_MagEff7",-1.254195,-1.89095725,-0.3359668
"Log_MagEff8",-0.7979935,-1.54192,-0.10767785
"Log_MagEff9",-1.228275,-2.11344175,-0.138084175
"Log_MagEff10",-2.29963,-2.8361495,-1.19517475
"Log_MagEff11",-2.275985,-3.36025225,-1.247272
"Log_MagEff12",-2.295315,-2.83072025,-1.49762125
"Log_MagEff13",-1.727815,-2.5500075,-0.965818475
"Log_MagEff14",-2.27139,-3.2509955,-1.10226875
"Log_MagEff15",-2.963845,-3.4759865,-1.870804
"Log_MagEff16",-1.042565,-2.27657775,-0.12611555
"Log_MagEff17",-0.4392585,-1.13842475,-0.06930728
"Log_MagEff18",-0.7529515,-1.541309,-0.1141114
"Log_MagEff19",-0.972963,-1.79583175,-0.23780355
"Log_MagEff20",-1.34839,-2.271086,-0.54628815
"Log_MagEff21",-1.1102,-2.02771425,-0.3542951
"Log_MagEff22",-0.835504,-1.628496,-0.340555
"Log_MagEff23",-1.74838,-3.41051525,-0.1496649
"Log_MagEff24",-1.822105,-2.746802,-0.779219400000001
"Log_MagEff25",-0.7384115,-1.44966275,-0.18037395
"Log_MagEff26",-0.753229,-1.512174,-0.137467325
"Log_MagEff27",-0.7566675,-1.53545875,-0.10375395
"Log_MagEff28",-0.8830055,-1.78539475,-0.137439525
"Log_MagEff29",-0.705153,-1.55674275,-0.100351975
"Log_MagEff30",-0.418807,-1.184101,-0.066510865
"Log_MagEff31",-1.780015,-3.40841675,-0.137396175
"Log_MagEff32",-2.38956,-3.2693845,-1.3846435
"Log_MagEff33",-1.249185,-1.95053475,-0.698009975
"Log_MagEff34",-1.302885,-2.09966525,-0.597735125
"Log_MagEff35",-1.401805,-2.187092,-0.68329155
"Log_MagEff36",-1.73919,-2.64821225,-0.916749875
"Log_MagEff37",-1.272235,-2.1283085,-0.607455125000001
"Log_MagEff38",-1.275255,-2.0523,-0.676883975
"Log_MagEff39",-0.7564365,-1.68185225,-0.087901615
"Log_MagEff40",-2.45268,-3.25586875,-1.43524025
"Log_MagEff41",-2.476795,-3.124199,-1.64995375
"Log_MagEff42",-0.8036655,-1.46283325,-0.17477365
"Log_MagEff43",-0.691311,-1.19184775,-0.145360075
"Log_MagEff44",-2.22183,-2.84763825,-1.54516225
"Log_MagEff45",-1.761845,-3.4021495,-0.109847225
"Log_MagEff46",-2.18012,-2.9692545,-0.709519950000001
"Log_MagEff47",-1.737665,-2.30318125,-1.07954625
"Log_MagEff48",-1.49339,-2.071391,-0.942818475
"Log_MagEff49",-2.82945,-3.18496025,-2.44287025
"Log_MagEff50",-2.453625,-2.8756935,-2.0419885
"Log_MagEff51",-1.6467,-2.03279775,-1.239193
"Log_MagEff52",-1.047875,-1.316837,-0.7714639
"Log_MagEff53",-1.770945,-3.3971865,-0.145462250000001
"Log_MagEff54",-0.9919115,-2.3461085,-0.117890225
"Log_MagEff55",-2.847075,-3.42862025,-1.34499925
"Log_MagEff56",-3.064965,-3.446342,-2.554586
"Log_MagEff57",-1.60217,-2.10865825,-1.12762275
"Log_MagEff58",-1.811645,-2.18461625,-1.4021765
"Log_MagEff59",-1.065285,-1.469234,-0.66293145
"Log_MagEff60",-1.74882,-3.410019,-0.145850425
"Log_MagEff61",-1.80795,-3.4061225,-0.125461875
"Log_MagEff62",-2.68358,-3.322399,-1.29903525
"Log_MagEff63",-2.25308,-2.7439375,-1.66550225
"Log_MagEff64",-0.424034,-0.965657625,-0.0767066700000001
"Log_MagEff65",-1.85832,-2.2248245,-1.4516925
"Log_MagEff66",-2.437655,-2.76367825,-2.096894
"Log_MagEff67",-0.635855,-1.019746,-0.259295025
"Log_MagEff68",-0.685699,-0.920264725,-0.443961
"Log_MagEff69",-0.6171185,-0.85277945,-0.37917075
"Log_MagEff70",-0.750202,-2.061472,-0.0845347750000001
"Log_MagEff71",-0.761854,-1.96673,-0.0915348350000001
"Log_MagEff72",-2.84024,-3.3454065,-2.2577105
"Log_MagEff73",-3.093005,-3.4605645,-2.51146775
"Log_MagEff74",-0.629469,-1.6009685,-0.0835413950000002
"Log_MagEff75",-0.826869,-1.70768425,-0.11258535
"Log_MagEff76",-1.042105,-2.08876475,-0.162243925
"Log_MagEff77",-1.38266,-2.50054125,-0.415946075000001
"Log_MagEff78",-2.41809,-2.8646175,-1.8983875
"Log_MagEff79",-3.09085,-3.458361,-2.57008975
"Log_MagEff80",-2.660065,-3.2480775,-1.97605775
"Log_MagEff81",-0.687061,-1.7367295,-0.0954529825000001
"Log_MagEff82",-1.586855,-2.46641325,-0.7567507
"Log_MagEff83",-1.76991,-2.77628575,-0.803658175
"Log_MagEff84",-1.672245,-2.80058175,-0.730436725
"Log_MagEff85",-1.234035,-1.87436625,-0.593196125
